<?xml version="1.0" encoding="utf-8"?>
<layer-list xmlns:android="http://schemas.android.com/apk/res/android">

    <!-- 그림자 효과 -->
    <item android:left="8dp" android:top="8dp">
        <shape android:shape="rectangle">
            <solid android:color="#33000000"/> <!-- 반투명 그림자 -->
            <corners android:radius="14dp"/>
        </shape>
    </item>

    <!-- 말풍선 본체 -->
    <item>
        <shape android:shape="rectangle">
            <!-- 그라데이션 배경 -->
            <gradient
                android:angle="90"
                android:startColor="#FFFFFF"
                android:endColor="#F2F2F2"/>
            <corners android:radius="14dp"/>
        </shape>
    </item>

    <!-- 말풍선 꼬리 -->
    <item android:left="20dp" android:bottom="0dp">
        <rotate
            android:fromDegrees="45"
            android:pivotX="0%"
            android:pivotY="100%">
            <shape android:shape="rectangle">
                <solid android:color="#F2F2F2"/>
                <size android:width="14dp" android:height="14dp"/>
            </shape>
        </rotate>
    </item>

</layer-list>
