<!-- res/drawable/btn_background_transparent.xml -->
<selector xmlns:android="http://schemas.android.com/apk/res/android">
    <item android:state_pressed="true">
        <shape android:shape="rectangle">
            <solid android:color="#383C44"/>
            <corners android:radius="12dp"/>
        </shape>
    </item>
    <item>
        <shape android:shape="rectangle">
            <solid android:color="@android:color/transparent" />
            <corners android:radius="12dp" />
        </shape>
    </item>
</selector>
